0x0B00;id
0x1B00;name
0x2000;x
0x2100;y
0x2F00;size
0x4D00;direction
0x4E00;range
0x6B00;target
0x6D00;duration
0x6E00;speed
0x7C00;day
0x8700;parent
0xDC00;key
0xE100;type
0x0D01;static
0x3401;ledger_data
0x3501;ledger_data_x
0x3601;ledger_data_y
0x3701;income_statistics
0x3801;nation_size_statistics
0x3901;inflation_statistics
0x5E01;node
0x6501;none
0x7401;path
0x7901;checksum
0x8201;diplomacy_construction
0x8301;merchant_construction
0xA001;end
0xA101;amount
0xB101;roll
0xB701;state
0xB801;event
0x0902;localization
0x0C02;index
0x4502;colors
0xA402;max
0x1927;war_exhaustion
0x2327;add_core
0x2427;remove_core
0x2927;add_accepted_culture
0x2A27;remove_accepted_culture
0x2B27;culture_group_union
0x2C27;elector
0x3527;set_country_flag
0x3627;clr_country_flag
0x3727;set_province_flag
0x3827;clr_province_flag
0x3927;set_global_flag
0x4027;clr_global_flag
0x4327;missionaries
0x4427;merchants
0x4527;colonists
0x4627;diplomats
0x4727;add_colonysize
0x4827;multiply_colonysize
0x4927;hre
0x4B27;discover
0x8027;cavalry
0x8127;infantry
0x8227;artillery
0x8327;big_ship
0x8427;heavy_ship
0x8527;light_ship
0x8627;transport
0x8727;galley
0x8827;loan_size
0xA227;kill_heir
0xAD27;internal_hre_cb
0xAE27;imperial_ban_allowed
0xBB27;random
0xC127;revoke_reform
0xC527;add_claim
0xC627;remove_claim
0x3128;selection_groups
0x3328;provinces
0x3528;definitions
0x3828;history
0x3928;base_tax
0x3A28;culture
0x3B28;primary_culture
0x3C28;accepted_culture
0x3E28;religion
0x3F28;manpower
0x4028;monarch
0x4128;owner
0x4228;controller
0x4328;province
0x4628;max_demand
0x4828;trade_goods
0x4928;goldtype
0x4B28;yes
0x4C28;no
0x4D28;date
0x4E28;capital
0x4F28;citysize
0x5228;building
0x5528;core
0x5628;cost
0x5728;build_cost
0x5828;revolt_risk
0x5928;minimum_revolt_risk
0x5A28;local_revolt_risk
0x5B28;global_revolt_risk
0x5C28;terrain
0x6228;technology
0x6328;technology_group
0x6628;government
0x6928;discovery_dates
0x6A28;discovered_by
0x6B28;allowed_idea_groups
0x6C28;enroute
0x6D28;once
0x6F28;level
0x7028;location
0x7128;trade
0x7328;trade_efficiency
0x7428;production_efficiency
0x7528;ledger
0x7628;treasury
0x7728;current_income
0x7828;distribution
0x7928;lastmonthincome
0x7A28;lastmonthexpense
0x7B28;lastmonthincometable
0x7C28;lastmonthexpensetable
0x7D28;lastyearincome
0x7E28;lastyearexpense
0x7F28;income
0x8028;expense
0x8128;thismonthincome
0x8228;thismonthexpense
0x8328;local_tax_modifier
0x8428;global_tax_modifier
0x8528;tax_income
0x8628;stability
0x8728;stability_cost_modifier
0x8828;inflation
0x8928;inflation_reduction
0x8A28;inflation_reduction_local
0x8B28;enable
0x8C28;maneuver
0x8D28;offensive_morale
0x8E28;defensive_morale
0x8F28;offensive_fire
0x9028;defensive_fire
0x9128;offensive_shock
0x9228;defensive_shock
0x9328;hull_size
0x9428;base_cannons
0x9528;sail_speed
0x9D28;country
0xA028;army
0xA128;navy
0xA228;regiment
0xA328;ship
0xA428;home
0xA628;unit
0xA728;movement_progress
0xA828;morale
0xA928;strength
0xAA28;DIP
0xAB28;MIL
0xAC28;ADM
0xAD28;loan
0xAE28;interest
0xAF28;lender
0xB028;expiry_date
0xB428;last_bankrupt
0xB628;siege
0xB728;fire
0xB828;shock
0xB928;manuever
0xBA28;leader
0xBB28;admiral
0xBC28;explorer
0xBD28;conquistador
0xBE28;general
0xBF28;has_texture
0xC028;activation
0xC128;create_leader
0xC228;spies
0xC328;global_trade_power
0xC428;global_foreign_trade_power
0xC528;global_own_trade_power
0xC628;colony_construction
0xC728;building_construction
0xC828;military_construction
0xC928;missionary_construction
0xCC28;colonist_placement_chance
0xCD28;local_colonist_placement_chance
0xCE28;missionary_cost
0xCF28;missionary_placement_chance
0xD028;local_missionary_cost
0xD128;local_missionary_placement_chance
0xD228;native_size
0xD328;native_ferocity
0xD428;native_hostileness
0xD528;population_growth
0xD628;daily_tick
0xD728;sea_starts
0xD828;skill
0xD928;advisor
0xDA28;active_advisors
0xDD28;alliance
0xDE28;guarantee
0xDF28;royal_marriage
0xE028;union
0xE128;vassal
0xE228;first
0xE328;second
0xE428;start_date
0xE528;end_date
0xE928;cancel
0xEC28;diplomacy
0xED28;casus_belli
0xEE28;value
0xEF28;graphical_culture
0xF028;add_attacker
0xF128;rem_attacker
0xF228;add_defender
0xF328;rem_defender
0xF428;battle
0xF528;attackers
0xF628;defenders
0xF728;active_war
0xF828;previous_war
0xF928;attacker
0xFA28;defender
0xFB28;result
0xFC28;losses
0xFD28;losses_type
0x0029;policy
0x0129;take_wartaxes
0x0229;wartax
0x0329;land_morale
0x0429;naval_morale
0x0729;global_manpower_modifier
0x0829;local_manpower_modifier
0x0929;global_manpower
0x0A29;local_manpower
0x0B29;land_forcelimit
0x0C29;naval_forcelimit
0x0D29;land_forcelimit_modifier
0x0E29;naval_forcelimit_modifier
0x0F29;war_exhaustion
0x1029;cavalry_cost
0x1129;artillery_cost
0x1229;big_ship_cost
0x1329;heavy_ship_cost
0x1429;light_ship_cost
0x1529;galley_cost
0x1629;land_maintenance
0x1729;naval_maintenance
0x1A29;combat
0x1B29;phase
0x1C29;dice
0x1D29;land_combat
0x1E29;naval_combat
0x1F29;siege_combat
0x2029;sprite_level
0x2429;retreat
0x2629;convert
0x2729;attrition
0x2829;max_attrition
0x2929;supply_limit
0x2A29;breach
0x2B29;garrison
0x2D29;blockade
0x2E29;historical_ideas
0x2F29;changefog
0x3029;last_control_change
0x3129;actor
0x3229;recipient
0x3329;rebel
0x3529;action
0x3629;trade_refusal
0x3729;military_access
0x3929;emperor
0x3B29;declarewar
0x3C29;requestpeace
0x3D29;allianceaction
0x3E29;embargoaction
0x3F29;annexationaction
0x4029;vassalaction
0x4129;guaranteeaction
0x4229;warningaction
0x4329;milaccess
0x4429;offermilaccess
0x4529;port_rotation
0x4629;opennegotiation
0x4729;insultaction
0x4829;giftaction
0x4929;claimaction
0x4A29;last_war
0x4B29;last_send_diplomat
0x4C29;war_exhaustion_cost
0x4D29;callaction
0x4E29;versus
0x4F29;continent
0x5029;overseas_income
0x5129;army_tradition
0x5229;navy_tradition
0x5329;army_tradition_decay
0x5429;navy_tradition_decay
0x5529;leader_fire
0x5629;leader_shock
0x5729;leader_siege
0x5C29;leader_naval_manuever
0x5D29;local_spy_defence
0x5E29;global_spy_defence
0x5F29;spy_offence
0x6029;trade_value
0x6129;trade_value_modifier
0x6229;global_trade_income_modifier
0x6329;fort_level
0x6429;blockade_efficiency
0x6529;luck
0x6829;modifier
0x7029;days
0x7329;max_manpower
0x7429;manpower_percentage
0x7529;number_of_loans
0x7629;is_bankrupt
0x7729;owns
0x7829;controls
0x7929;is_core
0x7A29;has_discovered
0x7B29;num_of_revolts
0x7C29;revolt_percentage
0x7D29;num_of_cities
0x7E29;num_of_ports
0x8129;num_of_trade_embargos
0x8229;num_of_allies
0x8329;num_of_royal_marriages
0x8429;num_of_vassals
0x8529;num_of_unions
0x9229;from
0x9329;to
0x9729;desc
0x9929;scope
0x9A29;seed
0x9C29;death_date
0xA129;prestige
0xA429;ship_recruit_speed
0xA529;regiment_recruit_speed
0xA629;previous
0xBB29;prestige_from_land
0xBC29;prestige_from_naval
0xBD29;prestige_decay
0xC529;who
0xC629;this
0xC729;papacy
0xC829;cardinal
0xC929;bribe_cardinal
0xCA29;is_colony
0xCB29;has_country_flag
0xCC29;flags
0xDE29;terms
0xDF29;demand
0xE029;releasevassal
0xE129;rename_unit
0xE229;rename_sub_unit
0xE329;front
0xE429;back
0xE529;reserves
0xE829;positioning
0xE929;annex
0xF129;staging_province
0xF229;invasion
0xF629;transport_cost
0xF729;transport_fire
0xF829;transport_shock
0xF929;owned_by
0xFA29;garrison_growth
0xFB29;has_province_flag
0xFC29;adjacencies
0xFD29;better
0xFE29;create_succession_war
0xFF29;succession
0x002A;regent
0x012A;capital_scope
0x022A;warning
0x052A;tag
0x0B2A;mercenary
0x152A;total
0x182A;female
0x1B2A;advisor_cost
0x222A;winter
0x252A;UNKNOWN_252A
0x2A2A;subsidies
0x2E2A;last_command_date
0x2F2A;previous_monarch
0x302A;discovery_religion_dates
0x312A;units_in_province
0x322A;galleys_in_province
0x332A;war_with
0x342A;unit_in_battle
0x352A;unit_in_siege
0x362A;infantry_in_province
0x372A;unit_has_leader
0x382A;player
0x392A;is_papal_controller
0x3A2A;estimated_monthly_income
0x3B2A;doautosave
0x3C2A;at_sea
0x3F2A;replace
0x422A;technology_cost
0x432A;plantation_demand
0x442A;simpleWater
0x452A;has_siege
0x462A;ai_will_do
0x472A;pure_revolt_risk
0x482A;global_ship_recruit_speed
0x492A;prestige
0x4A2A;global_colonial_growth
0x4B2A;local_colonial_growth
0x4C2A;check_variable
0x4D2A;variables
0x4E2A;region
0x502A;revolt
0x562A;is_subject
0x572A;defensiveness
0x582A;immediate
0x592A;num_of_cardinals
0x5A2A;war_countries
0x5B2A;enemy_provinces
0x5C2A;is_blockaded
0x5D2A;local_defensiveness
0x642A;global_ship_cost
0x652A;global_regiment_cost
0x662A;patrol
0x672A;local_tariffs
0x682A;global_tariffs
0x692A;diplomatic_reputation
0x6A2A;toggle
0x6B2A;sea_repair
0x6C2A;mercenary_cost
0x732A;friend
0x742A;war_score
0x752A;has_sphere
0x762A;any_sphere
0x772A;military_tactics
0x782A;abandon_merchants
0x792A;hre_size
0x7A2A;can_not_build_colonies
0x7B2A;can_not_build_buildings
0x7C2A;can_not_build_missionaries
0x7D2A;can_not_declare_war
0x7E2A;can_not_send_merchants
0x7F2A;rule
0x802A;faction
0x812A;influence
0x882A;old_influence
0x892A;possible
0x8A2A;happened
0x8B2A;hidden_flags
0x8D2A;finish
0x982A;production_leader
0x9C2A;integrationaction
0x9E2A;trade_range_modifier
0x9F2A;horde_war
0xA02A;traded_bonus
0xA42A;opinion
0xA72A;incoming
0xA82A;outgoing
0xA92A;members
0xAA2A;lakes
0xAB2A;attachments
0xB22A;powers
0xB42A;power
0xC52A;infantry_power
0xC62A;cavalry_power
0xC72A;artillery_power
0xC82A;big_ship_power
0xC92A;heavy_ship_power
0xCA2A;light_ship_power
0xCB2A;galley_power
0xCC2A;transport_power
0xCD2A;free
0xCE2A;leader_land_manuever
0xCF2A;manpower_recovery_speed
0xD02A;auto_explore_adjacent_to_colony
0xD12A;reduced_native_attacks
0xD22A;hostile_attrition
0xD32A;core_creation
0xD42A;enemy_core_creation
0xD52A;free_leader_pool
0xD62A;envoy
0xD72A;may_force_march
0xD82A;force_march
0xD92A;may_reduce_inflation
0xDA2A;reduced_stab_impacts
0xDB2A;heir_chance
0xDC2A;imperial_authority
0xE52A;diplomatic_upkeep
0xE62A;unjustified_demands
0xE72A;extra_manpower_at_religious_war
0xE82A;possible_mercenaries
0xEA2A;enemy
0xEB2A;trade_prov
0xEE2A;max
0xF12A;fabricate_claim
0xF22A;idea_claim_colonies
0xF32A;relations_decay_of_me
0xF42A;may_sabotage_reputation
0xF52A;may_sow_discontent
0xF62A;may_infiltrate_administration
0xF72A;fraction
0xF82A;uses_piety
0xF92A;global_prov_trade_power_modifier
0xFA2A;idea_cost
0xFB2A;collector_power
0xFC2A;actual_added_value
0xFD2A;fire_only_once
0xFE2A;fired_events
0xFF2A;inflation_history
0x002B;arranged
0x012B;allow_vassal_war
0x022B;allow_convert
0x032B;added_history
0x042B;vassal_income
0x052B;pirates
0x062B;trade_goods_size
0x082B;progress
0x0B2B;ship_power
0x0C2B;permanent
0x0D2B;advisor_pool
0x0E2B;estimated_loan
0x0F2B;gfx_type
0x102B;culture_province
0x112B;culture_owner
0x122B;second_graphical_culture
0x132B;diplomatic_power_cache
0x142B;member
0x152B;reform_level
0x162B;enact_imperial_reform
0x172B;hre_inheritable
0x1D2B;westernisation
0x202B;value_added_outgoing
0x242B;global_garrison_growth
0x272B;score
0x292B;num_of_non_rival_trade_embargos
0x2A2B;score_statistics
0x2B2B;historical_score
0x2C2B;province_trade_power_modifier
0x2D2B;decay
0x2E2B;combat_sound_random
0x2F2B;sound_type
0x302B;under_construction_queued
0x3C2B;top_provinces
0x3D2B;top_provinces_values
0x3E2B;top_power
0x3F2B;top_power_values
0x402B;colonist_time
0x412B;local_colonist_time
0x422B;trade_steering
0x432B;fabricate_claims_time
0x442B;rebel_support_efficiency
0x452B;discovered_relations_impact
0x462B;infiltrate_administraton
0x472B;relations_decay
0x482B;local_missionary_strength
0x492B;global_missionary_strength
0x512B;legitimacy
0x532B;is_at_war
0x592B;is_elector
0x5B2B;nationalism
0x5C2B;num_of_total_ports
0x5D2B;num_of_generals
0x5E2B;num_of_admirals
0x5F2B;num_of_conquistadors
0x602B;num_of_explorers
0x612B;is_heir_leader
0x622B;is_defender_of_faith
0x632B;num_of_trade_rights
0x642B;has_port
0x652B;is_empty
0x662B;has_cot
0x672B;is_looted
0x682B;has_missionary
0x692B;has_colonist
0x6A2B;is_female
0x6B2B;controlled_by
0x6C2B;dominant_culture
0x6D2B;dominant_religion
0x6E2B;tolerance_to_this
0x6F2B;is_force_converted
0x702B;army_size
0x712B;navy_size
0x722B;num_of_infantry
0x732B;num_of_cavalry
0x742B;num_of_artillery
0x752B;num_of_big_ship
0x762B;num_of_heavy_ship
0x772B;num_of_light_ship
0x782B;num_of_galley
0x792B;num_of_transport
0x7A2B;has_idea
0x7B2B;likely_rebels
0x802B;unit_type
0x852B;last_major_mission
0x862B;has_global_flag
0x872B;had_country_flag
0x882B;had_province_flag
0x892B;had_global_flag
0x8A2B;has_hre_member_modifier
0x8B2B;has_hre_emperor_modifier
0x8C2B;can_spawn_rebels
0x8D2B;any_rival_country
0x8E2B;any_enemy_country
0x8F2B;any_known_country
0x902B;any_ally
0x912B;any_local_enemy
0x922B;colonysize
0x932B;is_city
0x942B;is_part_of_hre
0x952B;temp_claim
0x962B;has_casus_belli_against
0x972B;core_claim
0x982B;culture_group_claim
0x992B;religion_group_claim
0x9A2B;border_friction_claim
0x9B2B;colony_claim
0x9C2B;succession_claim
0x9D2B;imperial_influence
0x9E2B;papal_influence
0x9F2B;num_of_diplomats
0xA02B;num_of_missionaries
0xA12B;num_of_colonists
0xA22B;num_of_merchants
0xA32B;num_of_total_ideas
0xA42B;num_of_free_ideas
0xA52B;is_neighbor_of
0xA62B;has_regency
0xA72B;papacy_active
0xAD2B;preferred_emperor
0xAE2B;previous_owner
0xAF2B;is_enemy
0xB02B;truce_with
0xB42B;dynasty
0xC32B;ai
0xC42B;num_of_colonies
0xC52B;can_create_vassals
0xC62B;is_possible_vassal
0xC72B;province_id
0xC82B;vassal_of
0xC92B;overlord_of
0xCA2B;in_sphere_of
0xCB2B;alliance_with
0xCC2B;marriage_with
0xCD2B;trade_embargo_by
0xCE2B;trade_embargoing
0xCF2B;junior_union_with
0xD02B;senior_union_with
0xD12B;has_advisor
0xD22B;is_excommunicated
0xD32B;is_lesser_in_union
0xD42B;active_minor_mission
0xD52B;active_major_mission
0xD62B;has_owner_religion
0xD72B;has_owner_culture
0xD82B;any_elector
0xD92B;any_core_country
0xDA2B;has_removed_fow
0xDB2B;is_colonial
0xE72B;religious_unity
0xE92B;has_claim
0xEA2B;is_any_heresy_enabled
0xEB2B;patriarch_authority
0xEC2B;has_opinion
0xED2B;reverse_has_opinion
0xEE2B;has_opinion_diff
0xEF2B;reverse_has_opinion_diff
0xF02B;has_opinion_modifier
0xF12B;reverse_has_opinion_modifier
0xF22B;overextension_percentage
0xFC2B;piety
0xFD2B;mercantilism
0xFF2B;personality
0x052C;republican_tradition
0x092C;has_trader
0x0A2C;has_spawned_rebels
0x0B2C;has_not_spawned_rebels
0x0C2C;has_trade_modifier
0x0D2C;reform_desire
0x222C;is_vassal
0x262C;attitude
0x272C;distance
0x282C;capital_distance
0x292C;border_distance
0x2A2C;max_vassal
0x2B2C;provinces_on_continent
0x2C2C;provinces_on_capital_continent_of
0x2D2C;army_balance
0x2E2C;navy_balance
0x2F2C;military_strength
0x302C;naval_strength
0x312C;any_target_province
0x322C;all_target_province
0x362C;num_of_mercenaries
0x372C;has_casus_belli
0x382C;allows_female_emperor
0x392C;any_trade_node_member_province
0x3A2C;any_trade_node_member_country
0x3B2C;all_trade_node_member_province
0x3C2C;all_trade_node_member_country
0x3D2C;coalition_target
0x3E2C;is_imperial_ban_allowed
0x3F2C;ai_mission
0x402C;owns_or_vassal_of
0x412C;defensive_war_with
0x692C;save_game
0x7A2C;max_speed
0x912C;inauguration
0x922C;last_target
0x932C;current_route_target
0x942C;has_capital
0x952C;number_of_colonies
0x962C;vassal_revolt
0x972C;random_threat_country
0x982C;discipline
0x992C;setgameplayoptions
0x9B2C;gameplaysettings
0xA02C;land_attrition
0xA12C;naval_attrition
0xA22C;cb_on_government_enemies
0xA32C;from_country
0xA42C;from_province
0xA52C;to_country
0xA62C;to_province
0xA72C;is_triggered_only
0xA82C;which
0xA92C;heretic
0xAA2C;local_enemy
0xAB2C;revolutionary_war
0xAC2C;revolution_target
0xAD2C;current
0xAE2C;human
0xB12C;reinforce_speed
0xB62C;overlord
0xB72C;start_level
0xB82C;potential
0xB92C;allow
0xBA2C;country_decisions
0xBB2C;religion_decisions
0xBC2C;execute_decision_command
0xBD2C;decision
0xBE2C;tolerance_own
0xBF2C;tolerance_heretic
0xC02C;tolerance_heathen
0xC12C;spawn_chance
0xC22C;movement_evaluation
0xC32C;siege_won_trigger
0xC42C;siege_won_effect
0xC52C;demands_accepted_effect
0xC62C;demands_enforced_effect
0xC72C;rebel_faction
0xD02C;defection
0xD12C;resilient
0xD22C;independence
0xD32C;defect_delay
0xD42C;anti
0xD52C;call_crusade_action
0xD62C;excommunicate_action
0xD72C;crusade_target
0xD82C;crusade_start
0xDA2C;last_excom
0xDB2C;last_bribe
0xDC2C;nation_culture
0xDD2C;nation_religion
0xDE2C;our_provinces
0xDF2C;neighbor_provinces
0xE02C;neighbor_countries
0xE12C;parent_scope
0xE22C;trust
0xE32C;distrust
0xE42C;primary
0xE52C;colonial
0xE62C;balanced
0xE72C;hre_interest
0xE82C;papacy_interest
0xE92C;colonize_prov
0xEA2C;conquer_prov
0xEB2C;cot_prov
0xEC2C;building_prov
0xED2C;explore_prov
0xEE2C;threat
0xEF2C;protect
0xF02C;antagonize
0xF12C;befriend
0xF22C;convert_prov
0xF32C;initialized
0xF72C;rival
0xFB2C;colonial_maintenance
0x022D;last_minor_mission_cancel
0x032D;last_major_mission_cancel
0x042D;last_minor_mission_pick
0x052D;last_major_mission_pick
0x062D;cancel_minor_mission_command
0x072D;cancel_major_mission_command
0x082D;select_major_mission_command
0x092D;last_election
0x0A2D;scorch_earth
0x0B2D;slider_locks
0x0C2D;right_locked
0x0D2D;left_locked
0x0E2D;missionary_maintenance
0x0F2D;change_missionary_maintenance
0x102D;last_hre_vote
0x112D;cast_electoral_vote_command
0x122D;major
0x162D;historical_friend
0x172D;historical_friends
0x182D;historical_rival
0x192D;historical_rivals
0x1A2D;hire_date
0x1B2D;can_enforce_trigger
0x1C2D;ai_seed
0x1D2D;ai_hard_strategy
0x1E2D;valid_for_new_country
0x1F2D;changed_tag_from
0x202D;change_province_capital_name
0x212D;old_emperor
0x252D;po_demand_provinces
0x262D;po_revoke_cores
0x272D;po_release_vassals
0x282D;po_release_annexed
0x292D;po_change_religion
0x2A2D;po_form_personal_union
0x2B2D;po_gold
0x2C2D;po_become_vassal
0x2D2D;po_concede_defeat
0x2E2D;po_annul_treaties
0x2F2D;po_change_government
0x362D;concede
0x3E2D;original_attacker
0x3F2D;original_defender
0x402D;dynasty_names
0x412D;heir
0x422D;birth_date
0x432D;claim
0x442D;monarch_name
0x452D;mutual
0x462D;imperial_relations_action
0x472D;imperial_ban_action
0x482D;religious_unity_action
0x492D;imperial_revision_action
0x4A2D;imperial_aid_action
0x4B2D;officials
0x4C2D;annul
0x4D2D;legal_monarch
0x4E2D;tribal
0x4F2D;hre_decisions
0x502D;move_focus
0x512D;last_focus_move
0x522D;flag
0x5B2D;local_production_efficiency
0x5C2D;defender_date
0x5D2D;land_maintenance_modifier
0x5E2D;naval_maintenance_modifier
0x622D;commander
0x632D;prov_desc
0x642D;country_desc
0x652D;cav_to_inf_ratio
0x662D;revolt_trigger
0x672D;merc_maintenance_modifier
0x682D;text_height
0x692D;sea_text_alpha
0x6A2D;counter_distance
0x6B2D;defence
0x6C2D;province_flag_sprite
0x6D2D;region_sea
0x6E2D;border_heights
0x6F2D;terrain_sheet_heights
0x702D;border_cutoff
0x712D;building_position
0x722D;building_nudge
0x732D;building_rotation
0x742D;client_ping
0x752D;city_rotation
0x762D;manufactory_rotation
0x772D;finished_nudge
0x782D;internal
0x792D;external
0x7A2D;destroy_on_conquest
0x7B2D;one_per_country
0x7C2D;local_ship_cost
0x7D2D;local_ship_repair
0x7E2D;local_movement_speed
0x7F2D;local_regiment_cost
0x822D;active
0x872D;original
0x882D;safe
0x892D;avoid
0x8A2D;base
0x8B2D;unload_unit
0x8C2D;load_unit
0x8D2D;ai_importance
0x8E2D;precise_prestige
0x8F2D;spare_on_core
0x902D;hidden
0x962D;interesting_countries
0x982D;root
0x992D;prev
0x9A2D;from_scope
0x9B2D;from_from_scope
0x9C2D;prev_scope
0x9D2D;root_scope
0xA02D;trade_power
0xA22D;province_trade_power_value
0xA52D;local_value
0xA62D;retention
0xA72D;steer_power
0xA82D;pull_power
0xA92D;retain_power
0xAA2D;highest_power
0xAB2D;max_power
0xAC2D;province_power
0xAD2D;power_fraction
0xAE2D;power_fraction_push
0xAF2D;money
0xBA2D;last_at_sea
0xBB2D;trade_mission
0xC12D;invest_in_cardinal
0xC22D;active_cardinals
0xC32D;future_cardinals
0xC42D;cardinal_age
0xC52D;votes
0xC62D;multiplayer_random_seed
0xC72D;multiplayer_random_count
0xC82D;yearly_decay
0xC92D;namespace
0xCA2D;current_opinion
0xCB2D;delayed_event
0xCC2D;embargo_efficiency
0xCD2D;annexation
0xD42D;is_attacker
0xD52D;integration
0xD62D;fleet_access
0xD72D;offer_fleet_access
0xD82D;under_construction
0xD92D;total_count
0xDA2D;enforce_peace
0xDB2D;improve_relation
0xDD2D;sabotage_reputation
0xDF2D;sow_discontent
0xE22D;coalition_against_us
0xE32D;ruler_modifier
0xE42D;attacker_score
0xE52D;defender_score
0xE62D;war_goal
0xE72D;take_colony
0xE82D;take_core
0xE92D;take_border
0xEA2D;take_province
0xEB2D;take_capital
0xEC2D;defend_capital
0xED2D;defend_country
0xEE2D;maneuver_value
0xEF2D;retreat_shattered
0xF02D;recover_army_morale_speed
0xF12D;recover_navy_morale_speed
0xF52D;missionary_progress
0xF82D;superiority
0xF92D;take_region
0xFA2D;allow_annex
0xFB2D;dismiss_leader
0xFC2D;possible_provinces
0xFD2D;build_core_construction
0xFE2D;change_culture_construction
0xFF2D;return_core
0x002E;po_return_cores
0x012E;ready_status
0x022E;set_war_peace_command
0x032E;leader_may_demand_command
0x042E;po_revoke_elector
0x052E;revoke_elector
0x062E;elector_relation
0x072E;po_trade_power
0x082E;num_uncontested_cores
0x092E;transfer_trade_power
0x102E;available_diplo_relations_cache
0x112E;exile_status
0x132E;has_changed
0x142E;initialized_attitudes
0x152E;military_rating
0x162E;last_dlcs
0x172E;last_strategy_index
0x182E;file_name
0x1A2E;target_provinces
0x1B2E;cancel_change_culture
0x1C2E;cancel_build_core
0x1D2E;file_version
0x1E2E;set_DLCs
0x1F2E;dlcs
0x202E;has_dlc
0x212E;is_connected_to_ship
0x222E;connect_to_ship_command
0x232E;do_connect_to_ship
0x242E;war_direction_quarter
0x252E;war_direction_year
0x262E;last_warscore_quarter
0x272E;last_warscore_year
0x282E;next_quarter_update
0x292E;next_year_update
0x2A2E;po_nodemand
0x2B2E;succeeded
0x302E;last_assault
0x312E;last_recalc_date
0x322E;end_when
0x332E;boot_time
0x342E;start_time
0x352E;end_time
0x362E;pause_with_no_player
0x372E;name_of_save
0x382E;saving_frequency
0x392E;MP_locked_countries
0x3A2E;stalled_years
0x3E2E;country_modifiers
0x3F2E;province_modifiers
0x402E;player_ai_prefs_command
0x412E;start_wars
0x422E;opinion_cache
0x432E;keep_alliances
0x442E;quick_peace
0x452E;move_traders
0x462E;timeout
0x472E;alerts
0x482E;possible_mercenary
0x492E;allow_vassal_alliance
0x4A2E;po_independence
0x4B2E;allowed_countries
0x4C2E;debug_saves
0x4D2E;religions
0x4E2E;countries
0x592E;cached_sum
0x5C2E;annul_treaties
0x5E2E;last_war_ended
0x5F2E;scope_is_valid
0x602E;active_idea_groups
0x612E;active_relations
0x622E;messagelist_open
0x632E;pending_events
0x642E;participating_country
0x652E;toggle_main_army
0x662E;main_army
0x672E;hunter_killer
0x682E;original_coloniser
0x692E;home_area_strait
0x6A2E;tradegoods_supply
0x6B2E;tradegoods_demand
0x6C2E;tradegoods_total_produced
0x6D2E;tradegoods_num_supply_provinces
0x6E2E;tradegoods_num_demand_provinces
0x6F2E;delayed_decay
0x712E;call_for_peace
0x762E;relations_over_limit
0x7D2E;owned_provinces
0x7E2E;controlled_provinces
0x7F2E;core_provinces
0x802E;claim_provinces
0x812E;update_opinion_cache
0x822E;needs_refresh
0x832E;needs_rebel_unit_refresh
0x842E;refresh_modifier
0x852E;top_faction
0x862E;total_war_worth
0x872E;num_of_controlled_cities
0x882E;num_of_core_ports
0x892E;num_of_overseas
0x8A2E;num_of_throne_claims
0x8B2E;num_of_heathen_provs
0x8C2E;num_of_heretic_provs
0x8D2E;inland_sea_ratio
0x8E2E;num_of_goods_produced
0x8F2E;num_of_religions
0x902E;num_of_leaders
0x912E;border_percentage
0x922E;neighbours
0x932E;home_neighbours
0x942E;core_neighbours
0x952E;is_neighbour
0x962E;is_home_neighbour
0x972E;is_core_neighbour
0x982E;friends
0x992E;vassals
0x9A2E;lesser_union_partners
0x9B2E;allies
0x9C2E;coalition_friends
0x9D2E;guarantees
0x9E2E;warnings
0x9F2E;current_at_war_with
0xA02E;current_war_allies
0xA12E;trade_embargoed_by
0xA22E;transfer_trade_power_to
0xA32E;transfer_trade_power_from
0xA42E;relation_costing_power
0xA52E;recalc_attitude
0xA62E;previous_winter
0xA72E;has_winter_modifier
0xA82E;idea_may_cache
0xA92E;papal_state
0xAA2E;weighted_cardinal
0xAB2E;has_core_claim
0xAC2E;has_culture_group_claim
0xAD2E;has_religion_group_claim
0xAE2E;has_border_friction_claim
0xAF2E;has_colony_claim
0xB02E;has_temporary_claim
0xB12E;fabricating_claim_province
0xB22E;is_fabricating_claim
0xB32E;is_infiltrating_administration
0xB42E;is_sowing_discontent
0xB52E;is_sabotaging_reputation
0xB62E;is_supporting_rebels
0xB72E;is_delete
0xB82E;is_fighting_war_together
0xB92E;rebel_threat
0xBA2E;num_of_buildings
0xBB2E;num_of_buildings_under_construction
0xBC2E;produced_goods_value
0xBD2E;latest_pirate_targets
0xBE2E;needs_help
0xBF2E;war_target
0xC02E;naval_war
0xC12E;max_land_morale
0xC22E;max_naval_morale
0xC32E;update_opinion_cache_command
0xC42E;gained_casus_bellis_cache
0xC52E;cb_country_list
0xC62E;lost_casus_bellis_cache
0xC72E;third
0xC82E;forth
0xC92E;savegame_version
0xCA2E;coalition_date
0xCB2E;rival_time
0xCC2E;has_global_modifier_value
0xCD2E;has_local_modifier_value
0xCE2E;has_unit_type
0xCF2E;production_leader_tag
0xD32E;war_date
0xD42E;hre_liberated
0xD52E;delayed_treasure
0xD62E;action_token
0xD72E;num_of_non_cores
0xD82E;is_tutorial_active
0xD92E;border_size_in_tax
0xDA2E;border_distance_overseas
0xDB2E;subjects
0xDC2E;update_border_distance
0xDE2E;call_ally_type
0xE02E;mod_enabled
0xE12E;dlc_enabled
0xFF2E;migrate
0x002F;last_migration
0x012F;native_advancement_cost
0x022F;migration_cooldown
0x032F;active_native_advancement
0x042F;country_tags
0x052F;colonial_region
0x062F;names
0x072F;colonies
0x082F;num_of_colonial_countries
0x092F;is_colonial_subject
0x0A2F;dynamic_countries
0x0B2F;colonial_parent
0x0C2F;federation_leader
0x0D2F;federation_friends
0x0E2F;request_to_join_federation
0x0F2F;invite_to_federation
0x102F;random_world
0x112F;used_colonial_names
0x122F;tariff
0x142F;liberty_desire
0x1A2F;protectorate
0x1B2F;is_protectorate
0x1C2F;num_of_protectorates
0x1D2F;protectorates
0x1E2F;protectorateaction
0x1F2F;deny_annex
0x202F;po_humiliate
0x212F;humiliate
0x222F;po_become_protectorate
0x232F;has_subject
0x242F;set_country_name
0x252F;map_color
0x262F;adjective
0x292F;num_owned_home_cores
0x2C2F;dirty_colony
0x2F2F;support_independence
0x302F;num_of_independence_supporters
0x382F;native_size_before_migration
0x3A2F;westernisation_needed
0x3B2F;score_rating
0x3C2F;score_rank
0x3D2F;country_color
0x3F2F;players
0x462F;can_attach
0x472F;opportunism
0x482F;update_supply_range
0x492F;nonhistoricaldynastyforhistoricalmonarch
0x4A2F;num_of_diplomatic_relations
0x4B2F;num_of_free_diplomatic_relations
0x4C2F;military_rating_cache
0x552F;ignore_decision
0x562F;ignore_decision_command
0x572F;stop_improve_relations_command
0x582F;inactive
0x592F;initialized_rivals
0x5A2F;floating_chat_text
0x5B2F;total_base_tax
0x5C2F;country_or_vassal_holds
0x5D2F;is_justifying_trade_conflict
0x5E2F;justify_trade_conflict
0x5F2F;sabotage_trade
0x602F;transfer_trade_cost_factor
0x612F;justify_trade_conflict_time
0x622F;improve_relation_modifier
0x632F;is_great_power
0x642F;dipcost_factor
0x652F;administrative_efficiency
0x662F;po_trade_power_others
0x672F;trade_power_others
0x682F;is_enforced
0x702F;privateer_mission
0x732F;trade_port
0x762F;has_privateers
0x772F;share
0x782F;boost_income
0x792F;enable_unlockable
0x7A2F;blockade_ports
0x7B2F;active_policy
0x7C2F;disable_unlockable
0x7D2F;user_changed_name
0x7E2F;privateer_power
0x7F2F;random_privateering_country
0x802F;every_privateering_country
0x812F;any_privateering_country
0x822F;all_privateering_country
0x832F;detach_obsolete
0x842F;pay_all_loans
0x852F;leader_land_fire
0x862F;leader_land_shock
0x872F;leader_naval_fire
0x882F;leader_naval_shock
0x892F;siege_ability
0x8A2F;privateer_efficiency
0x8B2F;global_trade_goods_size
0x8C2F;envoy_travel_time
0x8D2F;ae_impact
0x8E2F;has_active_policy
0x8F2F;has_climate
0x902F;has_winter
0x912F;unsafe_move_command
0x922F;trade_company_region
0x942F;fervor
0x972F;fixed_capital
0xA02F;great_project_construction
0xA52F;great_projects
0xA62F;trade_company
0xA82F;old_name
0xB02F;current_power_projection
0xB12F;power_projection
0xB22F;company_cache
0xB32F;strong_company
0xB52F;go_home_at_war
0xB62F;army_strength
0xB72F;enforce_fleet_basing_rights
0xB82F;enforce_military_access
0xB92F;po_enforce_fleet_basing_rights
0xBA2F;po_enforce_military_access
0xBE2F;personal_deity
0xC62F;blockaded_percent
0xC72F;hre_reform_level
0xC82F;navy_strength
0xC92F;canal_definition
0xCA2F;is_random_new_world
0xCB2F;transferred_out
0xCC2F;transferred_in
0xCD2F;transfered_to_index
0xCE2F;transfered_to_value
0xCF2F;transfered_from_index
0xD02F;transfered_from_value
0xD12F;visible_in_all_map_modes
0xD22F;hidden_on_start
0xD32F;attacker_call_all
0xD42F;home_trade_node
0xD52F;num_of_strong_trade_companies
0xD62F;was_player
0xD72F;file_name
0xD82F;capped_opinion_value
0xD92F;original_tax
0xDA2F;kill_monarch
0xDB2F;original_capital
0xDC2F;previous_country_tags
0xDD2F;num_of_free_leaders
0xDE2F;effective_score_impact
0xDF2F;change_statists_vs_orangists
0xE02F;dutch_mechanics
0xE12F;is_statists_in_power
0xE22F;is_orangists_in_power
0xE32F;statists_vs_orangists
0xE42F;dictatorship
0xE52F;add_scaled_republican_tradition
0xE62F;global_ship_repair
0xE72F;vassal_forcelimit_bonus
0xE82F;years_of_nationalism
0xE92F;accepted_culture_threshold
0xEA2F;culture_conversion_cost
0xEB2F;diplomatic_annexation_cost
0xEC2F;ship_durability
0xED2F;last_warscore
0xEE2F;ahead_of_time
0xEF2F;foreign_heir
0xF02F;is_elective
0xF12F;has_foreign_heir
0xF22F;heir_nationality
0xF32F;ruler_is_foreigner
0xF42F;national_focus
0xF52F;set_national_focus_command
0xF62F;support_heir
0xF72F;support_own_heir
0xF82F;risk_of_union
0xF92F;development_cost
0xFA2F;add_heir_support
0xFB2F;set_ruler_flag
0xFC2F;clr_ruler_flag
0xFD2F;has_ruler_flag
0xFE2F;had_ruler_flag
0xFF2F;ruler_flags
0x0030;needs_regiments_command
0x0130;needs_ships_command
0x0230;needs_buildings_command
0x0330;war_score_against
0x0430;has_harsh_treatment
0x0530;replace_rival_command
0x0630;replace_rival_countrytag
0x0730;add_truce_with
0x0830;previous_government_type
0x0930;active_trade_company
0x1130;unrest
0x1430;local_autonomy
0x1930;subject_focus
0x1A30;po_dismantle_forts
0x1B30;po_give_up_claim
0x1C30;claim_to_give_up
0x1D30;designate_march
0x1E30;marches
0x1F30;num_of_marches
0x2030;is_march
0x2A30;unit_naming
0x2E30;enforce_rebel_demands
0x2F30;has_supportive_war
0x3530;needs_regiments
0x3630;needs_ships
0x3730;needs_buildings
0x3830;occupying_rebel_faction
0x3930;min_autonomy
0x3E30;transfered_to
0x3F30;transfered_from
0x4C30;full_ally
0x5530;client_state
0x5730;num_of_clients
0x5830;save_event_target_as
0x5930;auto_transfer_mode
0x5A30;reformation_center
0x6430;max_autonomy
0x6630;dismantle_revolution
0x6B30;previous_controller
0x6C30;has_first_revolution_started
0x6D30;mothball_command
0x6E30;papal_investment
0x6F30;hre_religion
0x7030;hre_heretic_religion
0x7130;is_mtth_scaled_to_size
0x7230;league
0x7330;join_religion_league
0x7430;recalculate_score
0x7530;toggle_allow_foreign_armies
0x7630;allow_foreign_armies
0x8130;transfer_home_bonus
0x8230;march_of
0x8330;can_create_marches
0x8430;is_possible_march
0x8530;colonial_liberty_desire
0x8630;spread
0x8730;unit_templates
0x8830;army_templates
0x8930;navy_templates
0x8A30;set_hre_religion
0x8B30;set_hre_religion_locked
0x8C30;set_hre_heretic_religion
0x8D30;hre_leagues_status
0x8E30;hre_religion_status
0x8F30;hre_religion_locked
0x9030;set_hre_religion_treaty
0x9130;hre_religion_treaty
0x9230;is_league_enemy
0x9330;is_league_friend
0x9430;po_change_hre_religion
0x9530;change_hre_religion
0x9630;change_price
0x9730;has_terrain
0x9830;current_price
0x9930;last_conversion
0x9A30;calc_true_if
0x9B30;build_template_command
0x9C30;allow_client_states
0x9D30;subject_color
0x9E30;subject_symbol_index
0x9F30;num_symbols
0xA030;po_war_reparations
0xA130;war_reparations
0xA230;allowed_center_conversion
0xA330;po_humiliate_rival
0xA430;humiliate_rival
0xA530;winner_alliance
0xA630;loser_alliance
0xA730;is_client_nation
0xA830;is_client_nation_of
0xA930;gfx_settings
0xAA30;camera_look_at
0xAB30;camera_position
0xAC30;fov
0xAD30;near
0xAE30;far
0xAF30;world
0xB030;3d_combat_result
0xB130;min_zoom
0xB230;max_zoom
0xB330;subject_symbol_color
0xB430;subject_symbol_color_index
0xB530;compress_autosave
0xB630;renew_wartaxes
0xB730;can_take_wartaxes
0xB830;num_template_units_to_merge
0xB930;is_in_league_war
0xBA30;sponsor
0xC130;new_monarch
0xC830;in_debt
0xCB30;total_centers
0xCE30;supportive_country
0xD430;is_small_march
0xD530;temp
0xD630;unit_list
0xD730;last_war_status
0xD830;compress_saves
0xD930;auto_transfer_army
0xDA30;auto_transport_path
0xDB30;client_parent
0xDC30;joined_war
0xDD30;center_of_religion
0xDE30;target_merge_province
0xDF30;t_in
0xE030;t_out
0xE130;max_pow
0xE230;val
0xE330;t_to
0xE430;t_from
0xE530;add
0xE630;p_pow
0xE730;auto_transfer_navy
0xE830;start_auto_fleet_transport
0xE930;needs_update
0xEA30;delete
0xEB30;auto_fleet_transport
0xEC30;graphical_auto_transport_path
0xED30;has_switched_nation
0xEE30;can_start
0xEF30;can_end
0xF030;on_start
0xF130;on_monthly
0xF230;active_disaster
0xF330;has_disaster
0xF430;has_any_disaster
0xF530;on_end
0xF630;unit_template_id
0xF730;awaiting_units
0xF830;disaster_progress
0xF930;end_disaster
0xFA30;num_ships_privateering
0xFB30;will_get_center
0xFC30;average_autonomy
0xFD30;average_home_autonomy
0xFE30;relocation_province
0xFF30;relocation_date
0x0031;relocation_start_date
0x0131;is_relocating
0x0231;original_hre_religion
0x0331;original_hre_heretic_religion
0x0531;doom
0x0F31;update_overseas_cores
0x1031;overseas_core
0x1131;active_days_this_month
0x1231;active_fraction_last_month
0x1331;update_custom_country
0x1431;remove_custom_country
0x1531;changed_capitals
0x1631;country_colors
0x1731;original_owner
0x1831;treasure_fleet_gold
0x1931;textures
0x1A31;flag_colors
0x1B31;caravan_power
0x1C31;uses_doom
0x1D31;can_buy_idea
0x1E31;release_all_subjects
0x1F31;sacrifice_ruler_command
0x2031;sacrifice_heir_command
0x2131;add_doom
0x2231;active_religious_reform
0x2331;flag_color
0x2431;valid_for_nation_designer
0x2531;nation_designer_cost
0x2631;has_friendly_reformation_center
0x2731;has_hostile_reformation_center
0x2C31;authority
0x3A31;disaster_started
0x3B31;can_stop
0x3C31;pirate_hunt
0x3E31;custom_national_ideas
0x3F31;custom_national_ideas_level
0x4531;revolutionary_colors
0x4631;extra_cost
0x4731;revolutionary_flag_texture
0x4831;unfinalize_custom_country
0x4931;flag_emblem_index_range
0x4A31;flags_with_emblem_percentage
0x4B31;savegame_versions
0x4C31;giver
0x4D31;taker
0x4E31;is_selected
0x4F31;is_demand
0x5131;offer_giver
0x5231;preferred_coalition_target
0x5331;preferred_coalition_score
0x5431;preferred_coalition_against_us
0x5531;explore_mission
0x5631;explore
0x5831;explore_target
0x5931;in_debt
0x6331;last_sacrifice
0x6631;colonial_name_source
0x6D31;last_spy_discovery
0x7031;custom_heir_name
0x7131;custom_ruler_name
0x7531;last_looted
0x7631;loot_remaining
0x7831;church
0x7931;last_month_treasure_fleet_gold
0x8F31;custom_name
0x9031;recalculate_strategy
0x9A31;government_rank
0xB231;base_production
0xB331;improve_count
0xB431;local_development_cost
0xB531;allowed_num_of_buildings
0xB631;make_obsolete
0xB731;fort_influencing
0xB831;mothball_fort
0xB931;highest_possible_fort
0xBB31;development
0xBC31;base_manpower
0xBD31;lazy_load
0xBE31;num_of_rebel_controlled_provinces
0xBF31;num_of_rebel_armies
0xC031;devotion
0xC331;seat_in_parliament
0xCE31;active_parliament_issue
0xD031;bribe
0xD231;aspect
0xD431;karma
0xDC31;subject_interactions
0xE231;influencing_fort
0xE331;last_debate
0xED31;mothballed_forts
0xEE31;has_set_government_name
0xEF31;raw_development
0xF831;base_fort_level
0xF931;parliament_issues
0xFA31;recalculate_issues
0xFB31;gave_access
0xFD31;capped_development
0x0E32;num_of_war_reparations
0x2A32;last_forced_election
0x2B32;promote_investments
0x2C32;has_embargo_rivals
0x2D32;has_scutage
0x2E32;has_subsidize_armies
0x2F32;has_support_loyalists
0x3032;has_send_officers
0x3132;has_divert_trade
0x3232;has_promote_investments
0x3332;update_map
0x3432;customized_flag
0x3532;forts
0x3832;givers
0x3932;takers
0x3A32;war_givers
0x3B32;war_takers
0x3E32;fort_flipper
0x4532;is_agitated_for_liberty
0x4632;concede_colonial_region
0x4F32;offer_taker
0x5332;original_culture
0x5532;former_native_size
0x7932;parliament_modifier
0x7C32;want_your_provinces
0x7F32;secondary_religion
0x8932;random_new_world_file
0x8B32;cached_relation_costing_power
0x8C32;truce
0x8D32;attitude_locked
0x8E32;has_succession_claim
0x8F32;is_embargoing
0x9032;is_overseas_subject
0x9132;average_unrest
0x9F32;discount
0xA032;last_offensive_call
0xB832;displayed_country_name
0xC232;original_religion
0xC432;original_total
0xC532;movement_progress_last_updated
0xCB32;military_strength_with_allies
0xD532;trust_value
0xD632;estate
0xE332;non_overseas_development
0xF432;last_conversion_secondary
0xF732;card_score
0xFE32;regions
0xFF32;dynamic
0x0933;last_threatened
0x0A33;last_sent_alliance_offer
0x0B33;highest_possible_fort_building
0x0D33;random_countries
0x1433;num_of_regulars
0x1733;not_observer
0x1833;division_of
0x1933;division_at
0x1A33;expecting_siege
0x2833;achievement_ok
0x2933;multi_player
0x2D33;piety
0x5633;rnw_name
0x6533;custom_nation_points
0x6A33;buffer
0x6F33;tile_index
0x7333;last_betrayed_ally
0x7833;spy_network
0x7933;is_building_spy_network
0x7F33;campaign_id
0x8033;anti_nation_ruining_end_date
0x8233;campaign_length
0x8533;regions_discovered
0x9033;num_of_provinces_in_states
0x9133;num_of_provinces_in_territories
0x9633;border_pct
0x9733;border_sit
0x9833;range_cache
0x9933;is_home_nb
0x9A33;is_core_nb
0x9B33;is_nb
0x9C33;friend_bools
0x9D33;leader_id
0x9E33;monarch_id
0xA033;discovery
0xA133;fully_discovered
0xA233;discovery_date
0xAB33;sailors
0xAC33;max_sailors
0xB733;discovery_dates2
0xB833;discovery_religion_dates2
0xC333;hunter_killer
0xC933;retreat_port
0xCD33;diplomatic_biases
0xD033;extended_allies
0xD333;average_effective_unrest
0xD533;defended_home_strait
0xD733;ai_condottieri_malus_until
0xE533;protect_mission
0xE633;privateer_mission_2
0xEB33;blockade_mission
0xF133;yearly_corruption
0xF733;root_out_corruption
0x0F34;colonial_core
0x1334;explore_mission_2
0x2334;changed_country_name_from
0x2434;changed_country_mapcolor_from
0x2534;changed_country_adjective_from
0x2634;total_military_power
0x2734;average_military_power
0x3634;done
0x3734;on_my_way
0x3834;root_out_corruption_slider
0x3C34;great_power_score
0x3F34;queen
0x4434;realm_development
0x4734;institutions
0x7234;institution_origin
0x7834;adm_spent
0x7934;dip_spent
0x7A34;mil_spent
0x7C34;num_of_leaders_with_traits
0x7F34;institutions_penalties
0x8534;is_primitive
0x9B34;unlock_cult
0x9F34;persistent_attacker
0xA034;persistent_defender
0xA434;totalexpensetable
0xA734;original_dynasty
0xCE34;country_of_origin
0xCF34;consort
0xD134;average_autonomy_above_min
0xE734;casus_bellis_refresh
0xE834;border_provinces
0x1B35;visible_to_ai
0x1C35;focal_point
0x1F35;king_data
0x4735;timed_modifier
0x4D35;comparison
0x4E35;selector
0x5135;campaign_stats
